Workbook

Sheet Design Summary
A2: HIC Chromatography — Preliminary column Basis
A4: Size a reusable sanitary HIC column for a screening target load of 10 kg protein per cycle using the validated usable-capacity, bed-height, residence-time, pressure-class, connection, and envelope bases.
A6: Recommended preliminary configuration
A7: Item | B7: Preliminary basis | C7: Unit
A8: Required screening packed-resin volume | B8: ='Sizing Calculations'!C9 | C8: L
A9: Selected screening bed height | B9: ='Inputs & Assumptions'!B15 | C9: m
A10: Calculated unrounded internal diameter | B10: ='Sizing Calculations'!C13 | C10: m
A11: Main process inlet and outlet nominal size | B11: ='Inputs & Assumptions'!B20 | C11: in
A12: Preliminary minimum pressure rating | B12: ='Inputs & Assumptions'!B19 | C12: barg
A13: Concept | B13: Reusable fixed sanitary HIC column with in-place packing and cleaning; final vendor model and dimensions TBD
A15: Key screening results
A16: Metric | B16: Result | C16: Unit | D16: Interpretation
A17: Nominal conservative mass capacity | B17: ='Sizing Calculations'!C14 | C17: kg/cycle | D17: Equals the target at the 25 mg/mL screening boundary; no credited margin.
A18: Capacity margin | B18: ='Sizing Calculations'!C15 | C18: % | D18: Project design margin remains undefined.
A19: Loading flow at selected residence time | B19: ='Sizing Calculations'!C16 | C19: L/min | D19: Must be reconciled with condition-specific capacity and resin hydraulics.
A20: Three-minute boundary flow | B20: ='Sizing Calculations'!C17 | C20: L/min | D20: Boundary only; actual permitted loading flow is lower because the DIR residence time is greater than 3 min.
A21: Loading superficial velocity | B21: ='Sizing Calculations'!C18 | C21: cm/h | D21: Requires resin supplier pressure-flow and performance confirmation.
A22: Main connection liquid velocity | B22: ='Sizing Calculations'!C21 | C22: m/s | D22: Screened against the assumed 2 m/s upper line-velocity criterion.
A23: Reference main-connection local loss | B23: ='Sizing Calculations'!C22 | C23: bar | D23: Water-like local loss only; not total column differential pressure.
A24: Estimated slurry volume | B24: ='Sizing Calculations'!C25 | C24: L | D24: Based on an assumed 50% settled-resin fraction.
A26: Engineering conclusion and limitations
A27: The capacity screen supports a 400 L reusable sanitary HIC column with a selected 30 cm bed and a calculated unrounded internal diameter of approximately 1.303 m. This is not a final equipment selection: the result has no credited capacity margin at 25 mg/mL, and processing time, pressure drop, distributor performance, final nozzle sizing, pressure rating, and certified envelope cannot be closed with the available inputs. The datasheet is an initial draft pending process SME, resin supplier, and column vendor approval.
A29: Critical vendor-confirmation items
A30: No. | B30: Item | C30: Why it matters | D30: Required confirmation
A31: 1 | B31: Resin capacity basis | C31: The screening uses the DIR usable-capacity range rather than condition-specific development data. | D31: Confirm DBC or usable capacity at actual protein, impurity load, salt, pH, conductivity, temperature, residence time, and breakthrough criterion.
A32: 2 | B32: Resin hydraulic limits | C32: Packed-bed differential pressure is not calculable from available data. | D32: Confirm particle size, compressibility, swelling, allowable velocity, pressure-flow curve, bed-height range, packing pressure, and cleaning limits.
A33: 3 | B33: Column geometry and availability | C33: The 1.303 m diameter is an unrounded calculation rather than a vendor model. | D33: Select an available diameter and adapter range that provide at least 400 L at a DIR-compliant bed height.
A34: 4 | B34: Pressure rating | C34: The DIR pressure class does not define whether pressure is inlet, differential, MAWP, or another basis. | D34: Confirm hardware MAWP, allowable bed differential pressure, packing pressure, transient pressure, clamp derating, design temperature, test pressure, and vacuum capability.
A35: 5 | B35: Distributors and connections | C35: Nozzle calculations exclude distributors, frits, valves, reducers, and minimum-flow turndown. | D35: Confirm distributor uniformity and turndown, nozzle bores, local losses, final sanitary interfaces, drainability, and cleanability.
A36: 6 | B36: Packing and unpacking ports | C36: Slurry fraction and transfer rate are assumptions. | D36: Confirm resin slurry concentration, charging method, discharge method, transfer flow, hose size, valve type, and required port sizes.
A37: 7 | B37: Certified equipment envelope | C37: The supplied envelope is a generic estimate based on a nonselected 20 cm bed geometry. | D37: Provide certified installed and shipping dimensions, operating weight, floor reactions, center of gravity, adapter travel, maintenance clearances, shipping splits, and lifting provisions.

Sheet Sizing Calculations
A2: Sizing Calculations
A4: Preliminary sizing screen. All blue-value cells contain visible Excel formulas.
A6: Calculation | B6: Formula / method | C6: Result | D6: Unit | E6: Acceptance / interpretation | F6: Status
A7: Target protein mass conversion | B7: Target mass multiplied by milligrams per kilogram | C7: ='Inputs & Assumptions'!B7*'Inputs & Assumptions'!B8 | D7: mg/cycle | E7: Traceable conversion of the per-cycle target load
A8: Required bed volume at conservative usable capacity | B8: Target mass divided by conservative usable capacity | C8: =C7/'Inputs & Assumptions'!B11 | D8: mL | E8: Governing capacity volume before vendor-size rounding
A9: Selected screening packed-bed volume | B9: Conservative required volume converted from millilitres to litres | C9: =C8/'Inputs & Assumptions'!B9 | D9: L | E9: Must provide at least the calculated conservative capacity requirement
A10: Required bed volume at upper usable capacity | B10: Target mass divided by upper usable capacity and converted to litres | C10: =C7/'Inputs & Assumptions'!B12/'Inputs & Assumptions'!B9 | D10: L | E10: Defines the lower end of the DIR capacity-volume range
A11: Selected packed-bed volume in cubic metres | B11: Selected volume divided by litres per cubic metre | C11: =C9/'Inputs & Assumptions'!B10 | D11: m³ | E11: Unit conversion for geometry calculations
A12: Required column cross-sectional area | B12: Packed-bed volume divided by selected packed-bed height | C12: =C11/'Inputs & Assumptions'!B15 | D12: m² | E12: Selected bed height must satisfy the validated DIR range | F12: =IF(AND('Inputs & Assumptions'!B15>'Inputs & Assumptions'!B13,'Inputs & Assumptions'!B15<='Inputs & Assumptions'!B14),"MEETS SCREEN","REVIEW")
A13: Calculated column internal diameter | B13: Square root of four times area divided by pi | C13: =SQRT(4*C12/PI()) | D13: m | E13: Vendor-selected diameter must retain at least the required volume at a compliant bed height | F13: VENDOR CONFIRM
A14: Nominal usable mass capacity at conservative capacity | B14: Bed volume multiplied by millilitres per litre and usable capacity, converted to kilograms | C14: =C9*'Inputs & Assumptions'!B9*'Inputs & Assumptions'!B11/'Inputs & Assumptions'!B8 | D14: kg/cycle | E14: Must be greater than or equal to target mass per cycle | F14: =IF(C14>='Inputs & Assumptions'!B7,"MEETS SCREEN","REVIEW")
A15: Nominal conservative capacity margin | B15: Nominal capacity minus target load, divided by target load | C15: =(C14-'Inputs & Assumptions'!B7)/'Inputs & Assumptions'!B7*100 | D15: % | E15: Project-required margin is not defined; zero margin is not suitable for design freeze | F15: =IF(C15>0,"POSITIVE","NO CREDITED MARGIN")
A16: Screening loading flow | B16: Selected packed-bed volume divided by selected residence time | C16: =C9/'Inputs & Assumptions'!B18 | D16: L/min | E16: Selected residence time must remain within the validated range and match the capacity basis | F16: =IF(AND('Inputs & Assumptions'!B18>'Inputs & Assumptions'!B16,'Inputs & Assumptions'!B18<='Inputs & Assumptions'!B17),"MEETS SCREEN","REVIEW")
A17: Flow at minimum residence-time boundary | B17: Selected packed-bed volume divided by the DIR minimum-time boundary | C17: =C9/'Inputs & Assumptions'!B16 | D17: L/min | E17: Boundary only; actual loading flow must be lower because residence time must be greater than the boundary | F17: BOUNDARY ONLY
A18: Loading superficial velocity | B18: Selected bed height divided by residence time and converted from metres per minute to centimetres per hour | C18: ='Inputs & Assumptions'!B15/'Inputs & Assumptions'!B18*100*60 | D18: cm/h | E18: Must be within resin pressure-flow and performance limits | F18: VENDOR CONFIRM
A19: Boundary process flow conversion | B19: Boundary flow converted from litres per minute to cubic metres per second | C19: =C17/'Inputs & Assumptions'!B10/60 | D19: m³/s | E19: Conversion used for connection screening
A20: Main connection flow area | B20: Pi times assumed bore squared divided by four | C20: =PI()*'Inputs & Assumptions'!B21^2/4 | D20: m² | E20: Final bore must be based on the selected sanitary tube and ferrule schedule | F20: VENDOR CONFIRM
A21: Main inlet and outlet velocity | B21: Boundary volumetric flow divided by connection flow area | C21: =C19/C20 | D21: m/s | E21: Must not exceed the preliminary hygienic liquid-line velocity limit | F21: =IF(C21<='Inputs & Assumptions'!B22,"MEETS SCREEN","REVIEW")
A22: Main connection local pressure loss | B22: Local-loss coefficient times density times velocity squared divided by two and converted to bar | C22: ='Inputs & Assumptions'!B23*'Inputs & Assumptions'!B24*C21^2/2/'Inputs & Assumptions'!B25 | D22: bar | E22: Reference-only loss; distributor, frit, bed, valves, reducers, and external piping remain excluded | F22: REFERENCE ONLY
A23: Vent flow area | B23: Pi times assumed vent bore squared divided by four | C23: =PI()*'Inputs & Assumptions'!B27^2/4 | D23: m² | E23: Vendor must verify gas-flow capacity and sanitary vent arrangement | F23: VENDOR CONFIRM
A24: Vent displacement-air velocity | B24: Boundary displacement flow divided by vent area | C24: =C19/C23 | D24: m/s | E24: Screening only; verify filter, valve, pressure, and vacuum cases | F24: VENDOR CONFIRM
A25: Estimated resin slurry volume | B25: Selected packed-resin volume divided by settled-resin fraction | C25: =C9/'Inputs & Assumptions'!B31 | D25: L | E25: Replace with resin supplier and packing-procedure data | F25: VENDOR CONFIRM
A26: Estimated slurry transfer duration | B26: Estimated slurry volume divided by assumed slurry flow | C26: =C25/'Inputs & Assumptions'!B32 | D26: min | E26: Must be compatible with resin shear, settling, hose, valve, and packing limits | F26: VENDOR CONFIRM

Sheet Inputs & Assumptions
A2: HIC Chromatography — Inputs and Assumptions
A4: Yellow cells are editable. Calculated sheets use Excel formulas.
A6: Parameter | B6: Value | C6: Unit | D6: Basis / source | E6: Status
A7: Target protein load per cycle | B7: 10 | C7: kg/cycle | D7: User sizing value; interpreted as target protein mass loaded per chromatography cycle | E7: Provided
A8: Mass conversion | B8: 1000000 | C8: mg/kg | D8: Unit conversion constant | E8: Assumption
A9: Volume conversion | B9: 1000 | C9: mL/L | D9: Unit conversion constant | E9: Assumption
A10: Volume conversion | B10: 1000 | C10: L/m³ | D10: Unit conversion constant | E10: Assumption
A11: Conservative usable resin capacity | B11: 25 | C11: mg/mL | D11: Validated DIR lower boundary used for conservative screening; actual requirement is greater than this value | E11: Provided
A12: Upper usable resin capacity | B12: 50 | C12: mg/mL | D12: Validated DIR upper endpoint | E12: Provided
A13: DIR minimum bed-height boundary | B13: 0.25 | C13: m | D13: Validated DIR requires greater than 25 cm | E13: Provided
A14: DIR maximum packed-bed height | B14: 0.4 | C14: m | D14: Validated DIR upper endpoint of 40 cm | E14: Provided
A15: Selected screening packed-bed height | B15: 0.3 | C15: m | D15: Screening selection within the validated DIR range | E15: Assumption
A16: DIR minimum residence-time boundary | B16: 3 | C16: min | D16: Validated DIR requires greater than 3 min | E16: Provided
A17: DIR maximum loading residence time | B17: 6 | C17: min | D17: Validated DIR upper endpoint | E17: Provided
A18: Selected screening loading residence time | B18: 6 | C18: min | D18: Conservative screening selection; must align with confirmed capacity data | E18: Assumption
... A39: Estimated operating-space height | B39: 4.5 | C39: m | D39: Generic planning estimate including overhead maintenance clearance | E39: Assumption

Sheet Audit
A2: Audit and Traceability
A4: Terminal checks only; no calculation or output depends on this sheet.
A6: Check | B6: Formula | C6: Result | D6: Expected
A7: Conservative mass-capacity identity | B7: Compare calculated nominal capacity with the target load | C7: ='Sizing Calculations'!C14-'Inputs & Assumptions'!B7 | D7: 0
A8: Packed-bed geometry identity | B8: Recalculate volume from area and bed height | C8: ='Sizing Calculations'!C12*'Inputs & Assumptions'!B15-'Sizing Calculations'!C11 | D8: 0
A9: Circular-diameter identity | B9: Recalculate circular area from calculated diameter | C9: =PI()*'Sizing Calculations'!C13^2/4-'Sizing Calculations'!C12 | D9: 0
A10: Selected loading residence-time identity | B10: Recalculate packed volume from loading flow and selected residence time | C10: ='Sizing Calculations'!C16*'Inputs & Assumptions'!B18-'Sizing Calculations'!C9 | D10: 0
A11: Bed-height DIR check | B11: Verify selected bed height is greater than the lower boundary and no greater than the upper endpoint | C11: =IF(AND('Inputs & Assumptions'!B15>'Inputs & Assumptions'!B13,'Inputs & Assumptions'!B15<='Inputs & Assumptions'!B14),"PASS","FAIL") | D11: PASS
A12: Residence-time DIR check | B12: Verify selected residence time is greater than the lower boundary and no greater than the upper endpoint | C12: =IF(AND('Inputs & Assumptions'!B18>'Inputs & Assumptions'!B16,'Inputs & Assumptions'!B18<='Inputs & Assumptions'!B17),"PASS","FAIL") | D12: PASS
A13: Main connection velocity check | B13: Compare calculated main connection velocity with the assumed upper criterion | C13: =IF('Sizing Calculations'!C21<='Inputs & Assumptions'!B22,"PASS","FAIL") | D13: PASS
A14: Capacity sufficiency check | B14: Verify nominal conservative mass capacity is at least the target load | C14: =IF('Sizing Calculations'!C14>='Inputs & Assumptions'!B7,"PASS","FAIL") | D14: PASS
